division;anio;salario;resto_costes
01;2023;26555.89;167.89
01;2022;25353.22;164.29
01;2021;24248.78;190.41
01;2020;22837.59;197.14
01;2019;23450.25;215.31
01;2018;23003.23;197.49
01;2017;22806.95;226.76
01;2016;22778.02;233.96
01;2015;22850.57;214.83
01;2014;22605.79;220.85
01;2013;22653.55;280.74
01;2012;22635.56;308.28
01;2011;22775.76;307.56
01;2010;22540.83;356.02
01;2009;22329.33;373.16
01;2008;21639.16;343.57
05;2023;37835.33;429.43
05;2022;37250.89;415.25
05;2021;39486.78;417.99
05;2020;38563.63;763.17
05;2019;36777.27;413.33
05;2018;35619.77;647.65
05;2017;36360.36;558.14
05;2016;36296.72;678.12
05;2015;34663.08;367.04
05;2014;35320.37;517.61
05;2013;35228.10;744.43
05;2012;34182.94;783.08
05;2011;30764.51;549.21
05;2010;29430.88;628.46
05;2009;26921.82;511.40
05;2008;26662.08;680.11
10;2023;24403.88;165.18
10;2022;22767.25;149.34
10;2021;21840.41;174.76
10;2020;20842.60;127.06
10;2019;21227.84;177.95
10;2018;20594.09;137.37
10;2017;20420.20;123.43
10;2016;20542.49;141.32
10;2015;20695.00;192.58
10;2014;20585.20;153.72
10;2013;20976.97;213.71
10;2012;20934.98;189.85
10;2011;20322.67;205.09
10;2010;20121.44;351.43
10;2009;19966.73;235.72
10;2008;18790.63;203.92
11;2023;33519.31;79.85
11;2022;33063.21;246.59
11;2021;32307.80;284.50
11;2020;32656.83;277.69
11;2019;32675.55;257.36
11;2018;31526.82;241.17
11;2017;31960.94;130.61
11;2016;30777.26;201.78
11;2015;30327.69;31.81
11;2014;30595.55;166.43
11;2013;29249.09;228.82
11;2012;29511.65;270.07
11;2011;29481.27;473.45
11;2010;29873.13;266.18
11;2009;29262.89;352.17
11;2008;29103.17;310.64
12;2023;57960.11;684.43
12;2022;51737.90;140.80
12;2021;50453.70;322.97
12;2020;47779.51;410.72
12;2019;51549.60;517.64
12;2018;53729.91;816.14
12;2017;51570.08;64.05
12;2016;47478.11;24.22
12;2015;47730.12;34.50
12;2014;45954.24;121.91
12;2013;42059.38;256.76
12;2012;46842.90;29.59
12;2011;42989.32;26.70
12;2010;45563.39;163.39
12;2009;41997.39;173.85
12;2008;54629.36;41.70
13;2023;23174.72;82.21
13;2022;22799.28;141.98
13;2021;21408.07;192.58
13;2020;19298.08;149.63
13;2019;20779.04;172.65
13;2018;20718.06;115.39
13;2017;20285.84;37.95
13;2016;20337.60;60.44
13;2015;19937.79;97.84
13;2014;20321.35;56.76
13;2013;19830.34;167.62
13;2012;20039.13;14.63
13;2011;20371.63;16.80
13;2010;19914.25;42.56
13;2009;19537.80;120.33
13;2008;18977.68;77.42
14;2023;26832.01;91.71
14;2022;25660.92;66.99
14;2021;23914.08;58.77
14;2020;21573.11;89.15
14;2019;23106.61;121.23
14;2018;21727.51;63.86
14;2017;21174.23;42.56
14;2016;20632.98;49.12
14;2015;19273.91;121.57
14;2014;19020.21;110.81
14;2013;19608.93;57.36
14;2012;18414.30;91.52
14;2011;18609.03;87.63
14;2010;18722.48;108.97
14;2009;17532.09;157.19
14;2008;16686.85;70.64
15;2023;19097.36;62.98
15;2022;18049.52;89.51
15;2021;17325.01;108.14
15;2020;16271.13;194.68
15;2019;17993.29;83.44
15;2018;17310.70;157.52
15;2017;16998.80;115.81
15;2016;16370.17;84.63
15;2015;15577.66;90.18
15;2014;15650.39;94.72
15;2013;15573.94;115.66
15;2012;15731.62;102.76
15;2011;15506.79;60.27
15;2010;15029.02;74.78
15;2009;15053.73;91.29
15;2008;14986.86;127.37
16;2023;22159.84;216.86
16;2022;21517.94;191.22
16;2021;20807.94;249.53
16;2020;19516.03;218.69
16;2019;19663.22;181.69
16;2018;19280.03;168.79
16;2017;18969.11;224.40
16;2016;18643.41;244.01
16;2015;18955.04;227.48
16;2014;18617.79;154.15
16;2013;18656.01;327.85
16;2012;18490.23;319.74
16;2011;19248.74;224.09
16;2010;18159.43;299.43
16;2009;17663.73;318.57
16;2008;17722.06;297.77
17;2023;32374.46;171.16
17;2022;30877.88;196.04
17;2021;30251.70;171.49
17;2020;31062.58;196.21
17;2019;31164.85;241.78
17;2018;30042.48;169.21
17;2017;30548.76;151.34
17;2016;30083.03;57.55
17;2015;30669.12;241.92
17;2014;30290.61;106.17
17;2013;29856.88;170.47
17;2012;29446.97;127.62
17;2011;29724.66;187.90
17;2010;28020.77;184.73
17;2009;27273.57;149.63
17;2008;26581.84;153.54
18;2023;24815.01;121.97
18;2022;23701.89;69.94
18;2021;22056.97;78.94
18;2020;19085.34;126.21
18;2019;22472.81;50.38
18;2018;22375.30;107.41
18;2017;22129.05;119.10
18;2016;22462.75;66.04
18;2015;22971.74;144.91
18;2014;22859.32;179.55
18;2013;22305.44;158.66
18;2012;21701.55;141.25
18;2011;22268.32;663.61
18;2010;21680.38;212.67
18;2009;22041.01;285.34
18;2008;21250.19;222.76
19;2023;62107.53;419.05
19;2022;73541.08;248.59
19;2021;63719.37;577.48
19;2020;54544.10;264.01
19;2019;54768.64;263.32
19;2018;56252.59;644.58
19;2017;51881.97;420.26
19;2016;52972.24;678.97
19;2015;48767.43;826.15
19;2014;54291.35;431.98
19;2013;51907.22;392.55
19;2012;47728.51;343.65
19;2011;47742.80;284.20
19;2010;47640.66;337.41
19;2009;46512.72;840.92
19;2008;46923.73;562.49
20;2023;38817.70;162.82
20;2022;37029.01;154.75
20;2021;36140.89;173.80
20;2020;34375.27;289.35
20;2019;35011.56;241.84
20;2018;35371.40;268.74
20;2017;36112.27;194.66
20;2016;34801.70;147.59
20;2015;35215.84;223.90
20;2014;34969.38;232.46
20;2013;33949.82;267.75
20;2012;33371.90;225.63
20;2011;34098.27;87.03
20;2010;32813.44;177.56
20;2009;32494.65;326.66
20;2008;31710.09;369.28
21;2023;45719.64;249.48
21;2022;43468.52;290.93
21;2021;43228.38;284.08
21;2020;43338.01;264.91
21;2019;43181.81;346.75
21;2018;41341.10;278.31
21;2017;42048.33;430.94
21;2016;42135.70;293.26
21;2015;41763.39;235.25
21;2014;41806.69;175.39
21;2013;42612.50;290.35
21;2012;40870.22;183.54
21;2011;40814.65;322.98
21;2010;40469.99;364.76
21;2009;40403.11;227.24
21;2008;41076.58;317.77
22;2023;29560.65;133.60
22;2022;28168.21;87.58
22;2021;27347.85;124.40
22;2020;26353.80;108.45
22;2019;27738.60;84.10
22;2018;26916.70;82.74
22;2017;27359.70;200.67
22;2016;27532.43;139.37
22;2015;27287.75;111.36
22;2014;26090.67;140.40
22;2013;25497.08;208.16
22;2012;26138.34;116.85
22;2011;25721.08;155.33
22;2010;24346.26;157.81
22;2009;23296.30;143.77
22;2008;24026.17;178.97
23;2023;28271.77;390.64
23;2022;26708.01;293.00
23;2021;25736.65;387.65
23;2020;24626.05;415.58
23;2019;24979.12;388.10
23;2018;25095.53;320.17
23;2017;25781.74;288.89
23;2016;26349.35;265.39
23;2015;26254.80;373.83
23;2014;27104.17;428.74
23;2013;26516.91;606.65
23;2012;24879.00;689.73
23;2011;24388.70;621.74
23;2010;24756.33;545.34
23;2009;23071.51;610.45
23;2008;23698.31;619.09
24;2023;34876.02;119.87
24;2022;32681.95;180.90
24;2021;30869.63;109.85
24;2020;29732.96;103.54
24;2019;32254.32;85.87
24;2018;32293.33;152.27
24;2017;31579.12;159.50
24;2016;31498.65;117.56
24;2015;29611.95;148.12
24;2014;29163.93;64.28
24;2013;28571.35;159.15
24;2012;28461.12;152.15
24;2011;28081.63;164.10
24;2010;26492.32;122.39
24;2009;25047.59;212.94
24;2008;28335.30;95.66
25;2023;27732.35;152.04
25;2022;25865.46;233.09
25;2021;25644.51;89.62
25;2020;24101.74;265.57
25;2019;25717.36;189.02
25;2018;25726.50;83.53
25;2017;25777.66;159.29
25;2016;24865.81;212.92
25;2015;24930.83;64.62
25;2014;24666.05;239.12
25;2013;23594.10;255.78
25;2012;22986.06;241.86
25;2011;23394.74;335.20
25;2010;22947.19;324.53
25;2009;22532.40;275.27
25;2008;21902.30;206.73
26;2023;33826.93;165.66
26;2022;32521.77;190.64
26;2021;31403.34;204.16
26;2020;30348.53;270.03
26;2019;31850.42;262.79
26;2018;31218.30;256.87
26;2017;30953.71;122.67
26;2016;30709.83;148.50
26;2015;30847.46;130.83
26;2014;31540.66;226.55
26;2013;30010.35;294.90
26;2012;31127.81;140.56
26;2011;30341.68;233.10
26;2010;29996.55;385.81
26;2009;30653.85;442.95
26;2008;27628.68;325.97
27;2023;37132.72;378.53
27;2022;34474.52;177.98
27;2021;34123.35;237.39
27;2020;30904.52;260.57
27;2019;32214.58;206.24
27;2018;30842.69;68.94
27;2017;31616.97;45.29
27;2016;31207.50;44.39
27;2015;31045.91;216.12
27;2014;30870.92;40.18
27;2013;29637.97;35.62
27;2012;28334.43;37.19
27;2011;27633.79;372.21
27;2010;26193.11;253.52
27;2009;26286.83;270.19
27;2008;26105.97;354.27
28;2023;32289.98;155.85
28;2022;29949.01;39.47
28;2021;28608.99;308.84
28;2020;28141.88;275.70
28;2019;28755.44;127.52
28;2018;29482.11;245.34
28;2017;28865.76;206.53
28;2016;29052.25;244.38
28;2015;28622.66;153.81
28;2014;28036.35;387.36
28;2013;27724.74;402.68
28;2012;27725.59;204.13
28;2011;26899.39;138.78
28;2010;26395.95;257.77
28;2009;25473.60;278.48
28;2008;26129.98;273.02
29;2023;33236.67;194.97
29;2022;32201.59;157.18
29;2021;30029.53;130.90
29;2020;27884.67;219.92
29;2019;31566.06;190.31
29;2018;31363.15;137.03
29;2017;31230.37;157.08
29;2016;30280.43;129.54
29;2015;30653.18;29.08
29;2014;30750.78;98.60
29;2013;29595.30;108.92
29;2012;28595.90;122.54
29;2011;28842.08;151.76
29;2010;27510.30;115.25
29;2009;25621.74;110.58
29;2008;26562.76;201.44
30;2023;45310.81;123.65
30;2022;44561.08;173.93
30;2021;42174.88;321.39
30;2020;41492.51;312.69
30;2019;42853.96;213.75
30;2018;41111.81;147.19
30;2017;39814.52;178.95
30;2016;39743.67;72.89
30;2015;37766.21;50.78
30;2014;37492.58;3.96
30;2013;37403.83;48.17
30;2012;36850.88;63.07
30;2011;34818.98;139.18
30;2010;33660.29;81.52
30;2009;32376.79;57.09
30;2008;32605.62;38.41
31;2023;22785.34;169.91
31;2022;22218.58;172.56
31;2021;21658.13;187.79
31;2020;19392.05;165.50
31;2019;20935.99;194.12
31;2018;21310.89;149.15
31;2017;19858.03;183.98
31;2016;19453.86;173.64
31;2015;19193.20;180.86
31;2014;18963.21;185.03
31;2013;18453.36;157.83
31;2012;18361.53;238.42
31;2011;18713.09;251.59
31;2010;18079.99;257.80
31;2009;17930.37;331.28
31;2008;17126.86;271.65
32;2023;25305.36;71.21
32;2022;24475.07;117.75
32;2021;22305.24;146.06
32;2020;19803.63;174.30
32;2019;22231.76;164.60
32;2018;22754.09;53.18
32;2017;22486.23;184.17
32;2016;23431.70;182.90
32;2015;22468.83;203.34
32;2014;22077.18;179.34
32;2013;22318.56;219.82
32;2012;22870.64;268.27
32;2011;22080.98;258.80
32;2010;21719.34;267.81
32;2009;22411.14;240.38
32;2008;19420.76;290.96
33;2023;28462.91;344.52
33;2022;27565.01;319.21
33;2021;26323.75;243.86
33;2020;25127.08;207.08
33;2019;25863.20;118.39
33;2018;25689.25;266.02
33;2017;24889.15;341.87
33;2016;25282.28;377.06
33;2015;25457.06;446.53
33;2014;25704.80;511.23
33;2013;25181.54;537.04
33;2012;24196.09;521.32
33;2011;24362.81;601.36
33;2010;24018.87;436.66
33;2009;24026.11;537.99
33;2008;24211.38;397.11
35;2023;63076.97;300.33
35;2022;63074.26;237.24
35;2021;62931.03;304.82
35;2020;60352.23;461.77
35;2019;58786.03;442.67
35;2018;57317.06;440.26
35;2017;55641.83;454.89
35;2016;56126.03;741.97
35;2015;57374.64;158.20
35;2014;57978.79;267.40
35;2013;57799.37;597.90
35;2012;57449.59;306.17
35;2011;55196.39;361.45
35;2010;52202.80;142.55
35;2009;51152.75;231.35
35;2008;49098.72;64.00
36;2023;33237.08;150.51
36;2022;32554.61;192.30
36;2021;30520.99;188.67
36;2020;30572.40;172.64
36;2019;30277.37;122.90
36;2018;29575.02;194.16
36;2017;29502.51;216.28
36;2016;29629.41;238.86
36;2015;29698.94;238.79
36;2014;28702.26;249.74
36;2013;27757.89;196.21
36;2012;27176.12;222.29
36;2011;27663.25;250.48
36;2010;26554.39;322.26
36;2009;26359.59;205.50
36;2008;25444.52;254.61
37;2023;28137.92;133.19
37;2022;26929.21;160.36
37;2021;26067.57;159.10
37;2020;25791.71;233.18
37;2019;26331.61;139.33
37;2018;25659.93;118.50
37;2017;25905.67;175.11
37;2016;25455.13;124.25
37;2015;26022.72;298.72
37;2014;25755.27;315.19
37;2013;27158.95;222.08
37;2012;26123.32;575.53
37;2011;25535.05;744.13
37;2010;26172.80;630.98
37;2009;25478.96;680.56
37;2008;21869.48;500.34
38;2023;25886.19;337.00
38;2022;25436.09;361.90
38;2021;23515.13;395.34
38;2020;22373.19;452.52
38;2019;22021.02;359.62
38;2018;21669.33;413.01
38;2017;21244.32;449.50
38;2016;21526.73;446.31
38;2015;21408.20;377.57
38;2014;21137.43;371.41
38;2013;20803.85;675.52
38;2012;20907.58;724.45
38;2011;21188.41;592.25
38;2010;20958.01;536.88
38;2009;20995.87;508.94
38;2008;20570.57;486.22
39;2023;24962.42;458.30
39;2022;24265.53;330.98
39;2021;21534.89;352.34
39;2020;22093.41;199.93
39;2019;22047.68;359.15
39;2018;21715.04;273.33
39;2017;23415.41;368.30
39;2016;24195.04;552.00
39;2015;22117.47;562.27
39;2014;20691.35;623.80
39;2013;21794.34;611.15
39;2012;21466.68;583.85
39;2011;22289.97;311.67
39;2010;20580.39;244.36
39;2009;19306.92;769.89
39;2008;19954.14;1347.54
41;2023;25988.18;401.65
41;2022;24482.29;390.98
41;2021;23243.05;444.06
41;2020;23174.47;495.21
41;2019;23188.88;504.80
41;2018;22986.07;491.85
41;2017;22776.64;675.06
41;2016;23109.99;683.85
41;2015;23148.45;683.98
41;2014;23546.33;671.40
41;2013;23561.61;902.01
41;2012;23121.85;793.30
41;2011;22951.81;924.43
41;2010;22502.58;941.63
41;2009;22583.13;989.01
41;2008;21745.87;888.57
42;2023;30586.90;435.02
42;2022;28982.92;448.42
42;2021;27765.45;478.32
42;2020;27280.09;490.21
42;2019;27475.10;562.66
42;2018;26526.20;673.70
42;2017;27514.93;776.74
42;2016;27738.78;694.63
42;2015;27845.24;482.35
42;2014;27486.97;456.90
42;2013;27375.29;741.85
42;2012;27653.38;576.63
42;2011;27112.46;764.93
42;2010;24149.19;905.68
42;2009;23571.21;1115.79
42;2008;21022.87;832.78
43;2023;24158.66;392.76
43;2022;23906.66;201.57
43;2021;22726.05;213.87
43;2020;21770.15;322.77
43;2019;22067.94;416.31
43;2018;21616.70;350.74
43;2017;21076.29;370.94
43;2016;21073.43;427.46
43;2015;21591.47;416.01
43;2014;21648.56;485.65
43;2013;21340.46;699.65
43;2012;21278.31;635.47
43;2011;20873.72;594.05
43;2010;20577.11;730.99
43;2009;20064.07;676.90
43;2008;18922.05;559.50
45;2023;24867.00;93.74
45;2022;23572.96;148.19
45;2021;22067.56;158.89
45;2020;20189.17;142.17
45;2019;22339.04;137.58
45;2018;21892.34;148.65
45;2017;21855.66;147.08
45;2016;21596.66;38.60
45;2015;21516.68;161.21
45;2014;20708.66;162.88
45;2013;20778.92;253.60
45;2012;20725.39;264.15
45;2011;21223.25;299.45
45;2010;20574.08;254.88
45;2009;20904.02;247.42
45;2008;21106.07;283.19
46;2023;30839.42;267.52
46;2022;28878.74;214.36
46;2021;28153.51;230.44
46;2020;25837.79;254.57
46;2019;26831.10;274.77
46;2018;25901.35;218.17
46;2017;25939.44;297.95
46;2016;24988.77;311.24
46;2015;25436.65;289.81
46;2014;24754.86;259.08
46;2013;25823.08;253.92
46;2012;26369.04;320.49
46;2011;26655.36;230.03
46;2010;25962.90;493.75
46;2009;26073.66;329.08
46;2008;22521.69;250.16
47;2023;18925.56;102.49
47;2022;17857.65;96.72
47;2021;16604.80;91.30
47;2020;15587.68;128.46
47;2019;16641.57;134.15
47;2018;16501.07;114.81
47;2017;15957.22;176.61
47;2016;15616.22;189.38
47;2015;15644.12;170.84
47;2014;15686.21;202.46
47;2013;15611.06;217.08
47;2012;15985.16;209.58
47;2011;15712.06;217.36
47;2010;15507.67;195.73
47;2009;15002.28;231.77
47;2008;14815.97;194.60
49;2023;24468.19;330.36
49;2022;23416.96;90.82
49;2021;22444.38;417.80
49;2020;21458.25;471.22
49;2019;22740.78;489.03
49;2018;22245.34;486.71
49;2017;22320.16;422.00
49;2016;22001.58;353.29
49;2015;21326.37;233.88
49;2014;20870.03;160.04
49;2013;21392.53;413.72
49;2012;20895.38;589.09
49;2011;20891.79;250.12
49;2010;20215.95;554.76
49;2009;19893.23;560.74
49;2008;19449.27;545.96
50;2023;32142.29;642.97
50;2022;30766.81;169.07
50;2021;29508.43;291.45
50;2020;26852.92;467.20
50;2019;28521.78;491.72
50;2018;29930.82;313.17
50;2017;29690.26;488.90
50;2016;29849.18;565.69
50;2015;29594.53;286.70
50;2014;31491.74;239.61
50;2013;31173.49;67.48
50;2012;32612.51;222.22
50;2011;32068.76;37.13
50;2010;32815.65;348.99
50;2009;31842.42;234.68
50;2008;35384.64;63.15
51;2023;42332.97;90.03
51;2022;38017.42;170.97
51;2021;29269.83;125.31
51;2020;24974.04;101.52
51;2019;39812.11;15.87
51;2018;38453.35;15.48
51;2017;38697.96;22.87
51;2016;37725.74;203.22
51;2015;37499.08;132.76
51;2014;38291.08;75.57
51;2013;37155.48;163.53
51;2012;40015.86;175.00
51;2011;39378.07;159.86
51;2010;38418.84;227.34
51;2009;36565.34;338.58
51;2008;34947.50;822.30
52;2023;30338.52;241.82
52;2022;28821.49;260.42
52;2021;27894.42;319.54
52;2020;26198.29;489.52
52;2019;27219.63;295.55
52;2018;27224.25;209.12
52;2017;26586.52;453.36
52;2016;27919.92;385.27
52;2015;28202.33;359.60
52;2014;28495.81;428.16
52;2013;28745.86;352.03
52;2012;28637.14;512.20
52;2011;27307.50;612.34
52;2010;28150.33;469.58
52;2009;29736.15;459.73
52;2008;28218.19;628.93
53;2023;19691.78;78.51
53;2022;18093.29;79.52
53;2021;17816.53;187.21
53;2020;16564.34;126.57
53;2019;17182.89;212.52
53;2018;15931.96;208.16
53;2017;15692.60;562.60
53;2016;17015.55;607.34
53;2015;16852.51;575.24
53;2014;16407.41;534.22
53;2013;16222.22;487.77
53;2012;16153.41;526.47
53;2011;16680.89;366.40
53;2010;15447.43;502.88
53;2009;14948.82;500.67
53;2008;15015.21;471.01
55;2023;22395.83;334.79
55;2022;20954.07;299.18
55;2021;14672.30;295.07
55;2020;11959.27;272.86
55;2019;20587.21;395.37
55;2018;20016.87;377.82
55;2017;19690.53;374.89
55;2016;19313.45;354.30
55;2015;19701.68;356.93
55;2014;19227.77;432.03
55;2013;19225.09;523.41
55;2012;18514.25;478.16
55;2011;18597.10;462.32
55;2010;18141.98;482.45
55;2009;18029.37;496.52
55;2008;17538.14;507.19
56;2023;14012.14;116.36
56;2022;13386.99;137.17
56;2021;10929.23;164.42
56;2020;8732.97;185.29
56;2019;12267.85;244.44
56;2018;12073.88;269.93
56;2017;11882.44;268.20
56;2016;11726.42;279.70
56;2015;11584.70;312.67
56;2014;11441.57;321.64
56;2013;11288.38;388.40
56;2012;11501.06;413.71
56;2011;11880.88;420.48
56;2010;12110.56;428.95
56;2009;12439.21;440.07
56;2008;12417.45;388.65
58;2023;37086.69;144.95
58;2022;36497.49;189.00
58;2021;35453.65;138.38
58;2020;34881.91;203.61
58;2019;33967.98;264.05
58;2018;33271.09;280.20
58;2017;31416.13;351.15
58;2016;31193.64;253.60
58;2015;31748.97;253.62
58;2014;30948.53;159.99
58;2013;31269.40;228.27
58;2012;31296.08;330.21
58;2011;31826.69;354.49
58;2010;31489.01;340.15
58;2009;30817.47;449.11
58;2008;30363.25;317.84
59;2023;32407.70;108.03
59;2022;31378.70;222.90
59;2021;30118.27;271.62
59;2020;26313.06;189.54
59;2019;27829.55;223.95
59;2018;28208.86;164.79
59;2017;27991.26;215.84
59;2016;28470.59;224.90
59;2015;26984.96;174.53
59;2014;26676.63;98.32
59;2013;26325.65;314.35
59;2012;25021.03;351.73
59;2011;24722.99;508.66
59;2010;24904.50;172.72
59;2009;23959.32;352.91
59;2008;25773.91;208.51
60;2023;42049.79;19.69
60;2022;41676.41;417.63
60;2021;41580.76;117.08
60;2020;40489.25;63.64
60;2019;39750.79;24.07
60;2018;39825.98;5.04
60;2017;38858.36;3.60
60;2016;39131.24;5.73
60;2015;38702.36;119.98
60;2014;36328.53;119.15
60;2013;35511.82;122.21
60;2012;34600.77;16.29
60;2011;34979.08;18.48
60;2010;34299.72;194.78
60;2009;33317.68;182.32
60;2008;33516.86;216.48
61;2023;43787.53;104.34
61;2022;42257.01;117.75
61;2021;46561.16;269.85
61;2020;42788.14;193.57
61;2019;41869.17;184.41
61;2018;41883.49;183.59
61;2017;41102.79;116.86
61;2016;41907.89;20.97
61;2015;42433.92;17.61
61;2014;42735.99;8.93
61;2013;43180.32;69.72
61;2012;42667.73;39.22
61;2011;42525.92;15.53
61;2010;41842.29;61.23
61;2009;42485.23;174.33
61;2008;40265.28;233.44
62;2023;40753.88;162.82
62;2022;38207.71;182.90
62;2021;37596.18;207.73
62;2020;35040.44;166.40
62;2019;34546.12;216.38
62;2018;32762.90;234.41
62;2017;31628.43;114.02
62;2016;31287.96;107.71
62;2015;31483.40;15.72
62;2014;31461.20;13.09
62;2013;31473.15;50.80
62;2012;30527.76;42.66
62;2011;30340.81;54.26
62;2010;29896.86;334.26
62;2009;28835.90;310.31
62;2008;27765.68;230.19
63;2023;38385.67;193.12
63;2022;33121.34;114.60
63;2021;29724.09;105.34
63;2020;29731.55;208.61
63;2019;27593.10;200.26
63;2018;26234.62;263.95
63;2017;25724.04;383.39
63;2016;26543.97;323.65
63;2015;26713.66;353.53
63;2014;26729.04;313.78
63;2013;26340.01;389.85
63;2012;27949.08;440.27
63;2011;25737.32;335.95
63;2010;24723.33;240.18
63;2009;23398.63;346.70
63;2008;24827.40;94.27
64;2023;58989.71;355.51
64;2022;58916.09;427.59
64;2021;56381.42;1183.44
64;2020;55716.44;443.39
64;2019;54734.88;1069.00
64;2018;55771.45;373.69
64;2017;53598.49;1004.06
64;2016;50884.19;1207.18
64;2015;50201.64;1178.81
64;2014;48760.42;1017.70
64;2013;47882.48;929.73
64;2012;51963.32;1163.89
64;2011;49379.84;756.59
64;2010;48926.32;608.54
64;2009;46992.93;586.69
64;2008;46951.35;567.21
65;2023;45000.55;132.66
65;2022;43365.72;175.33
65;2021;42239.26;181.41
65;2020;41162.82;122.79
65;2019;39458.85;242.27
65;2018;38830.39;159.86
65;2017;36449.55;192.14
65;2016;36275.81;162.68
65;2015;36337.34;47.49
65;2014;36255.75;101.27
65;2013;36022.15;32.49
65;2012;35221.04;41.70
65;2011;34977.71;93.31
65;2010;34518.32;160.25
65;2009;34072.97;129.65
65;2008;33611.47;191.48
66;2023;34922.90;100.67
66;2022;33150.43;123.78
66;2021;32142.10;133.82
66;2020;30633.16;153.93
66;2019;30953.48;135.93
66;2018;31810.59;71.69
66;2017;30131.64;218.12
66;2016;28834.79;208.10
66;2015;29628.01;114.72
66;2014;29763.84;127.00
66;2013;29181.13;362.27
66;2012;30576.90;343.21
66;2011;30069.27;232.21
66;2010;27285.26;344.66
66;2009;26690.72;293.28
66;2008;27664.37;231.60
68;2023;28478.49;146.62
68;2022;26612.48;134.72
68;2021;24430.06;116.77
68;2020;24463.95;163.65
68;2019;23369.87;187.73
68;2018;21767.48;206.93
68;2017;21662.44;222.78
68;2016;20664.14;291.92
68;2015;20187.53;208.13
68;2014;19488.52;206.61
68;2013;20262.18;252.74
68;2012;21086.75;330.93
68;2011;21587.82;280.34
68;2010;20978.43;392.32
68;2009;19569.28;288.91
68;2008;20037.72;263.45
69;2023;33866.27;148.18
69;2022;31962.16;185.24
69;2021;30936.29;167.62
69;2020;29104.32;161.71
69;2019;29056.19;121.54
69;2018;28920.51;141.89
69;2017;27158.93;136.11
69;2016;27183.82;209.41
69;2015;26338.05;79.38
69;2014;24630.22;173.66
69;2013;23991.54;239.33
69;2012;24285.06;283.69
69;2011;24338.63;227.22
69;2010;24465.73;230.95
69;2009;24568.29;237.44
69;2008;24833.99;222.53
70;2023;39339.08;263.54
70;2022;34773.56;293.78
70;2021;32115.25;223.98
70;2020;32115.85;101.14
70;2019;31724.94;238.91
70;2018;30048.25;162.08
70;2017;30865.89;25.35
70;2016;29126.41;144.32
70;2015;28048.42;2.14
70;2014;28807.97;230.29
70;2013;29407.56;233.66
70;2012;27033.70;218.36
70;2011;28922.91;204.48
70;2010;29767.58;250.89
70;2009;29650.66;174.04
70;2008;25660.34;252.67
71;2023;34168.31;83.27
71;2022;32954.80;105.58
71;2021;32504.12;168.76
71;2020;31287.00;207.31
71;2019;32348.69;302.83
71;2018;31464.80;319.75
71;2017;31812.19;207.90
71;2016;32102.85;230.72
71;2015;31342.02;193.82
71;2014;30577.66;240.05
71;2013;30220.56;155.40
71;2012;29223.84;252.41
71;2011;27973.24;268.19
71;2010;27337.55;406.50
71;2009;27097.38;418.05
71;2008;24975.19;335.68
72;2023;34724.24;201.97
72;2022;34380.20;171.64
72;2021;33492.97;152.12
72;2020;33269.22;165.76
72;2019;32904.24;174.59
72;2018;32763.07;153.32
72;2017;31807.59;25.74
72;2016;30624.18;28.94
72;2015;29998.69;159.31
72;2014;30438.37;109.76
72;2013;29193.19;183.44
72;2012;28857.63;58.03
72;2011;29490.41;140.61
72;2010;29057.25;153.02
72;2009;29363.43;141.10
72;2008;30491.23;148.68
73;2023;32899.15;95.09
73;2022;31664.23;101.57
73;2021;27988.75;139.08
73;2020;25555.22;148.99
73;2019;26801.42;134.42
73;2018;27189.21;184.23
73;2017;25325.27;105.65
73;2016;23491.64;139.49
73;2015;23366.07;139.15
73;2014;23490.80;94.57
73;2013;24537.13;181.02
73;2012;24486.97;319.09
73;2011;26283.14;336.03
73;2010;25146.37;361.25
73;2009;25648.60;368.44
73;2008;26065.56;319.30
74;2023;28266.80;61.34
74;2022;25972.66;16.56
74;2021;24604.31;34.70
74;2020;22584.29;170.64
74;2019;22975.82;128.23
74;2018;21631.00;151.99
74;2017;21675.67;263.30
74;2016;21997.29;290.59
74;2015;23508.82;396.93
74;2014;22733.37;426.51
74;2013;22492.94;295.32
74;2012;21324.85;321.60
74;2011;21148.25;287.38
74;2010;20289.96;213.57
74;2009;19202.48;293.16
74;2008;16925.38;126.73
75;2023;19149.47;72.84
75;2022;18537.95;62.31
75;2021;16892.82;61.40
75;2020;14985.40;1.01
75;2019;13980.50;52.24
75;2018;13089.03;90.76
75;2017;13001.43;103.49
75;2016;13281.58;80.00
75;2015;12656.25;156.22
75;2014;12501.57;149.05
75;2013;12475.76;240.34
75;2012;12621.26;158.32
75;2011;12714.81;158.70
75;2010;12693.13;239.19
75;2009;13140.60;177.57
75;2008;13615.95;96.72
77;2023;27685.48;301.74
77;2022;25440.40;335.04
77;2021;23536.88;247.62
77;2020;21021.75;271.68
77;2019;23637.82;256.16
77;2018;23279.28;206.36
77;2017;23299.67;265.92
77;2016;22388.07;345.69
77;2015;22066.66;283.97
77;2014;22287.95;215.58
77;2013;22434.19;371.00
77;2012;21603.12;442.06
77;2011;21058.93;451.19
77;2010;20451.03;453.51
77;2009;20777.24;507.06
77;2008;19004.70;734.15
78;2023;20706.16;389.49
78;2022;19157.21;386.71
78;2021;19191.45;421.36
78;2020;18756.36;487.83
78;2019;18322.43;438.51
78;2018;17371.29;450.60
78;2017;17415.31;424.17
78;2016;17070.61;388.12
78;2015;17246.36;383.65
78;2014;17077.79;389.88
78;2013;16261.93;533.00
78;2012;16134.02;546.72
78;2011;16484.52;495.78
78;2010;15469.81;490.39
78;2009;15415.48;608.77
78;2008;15482.51;476.00
79;2023;26011.98;613.35
79;2022;22843.35;602.02
79;2021;15175.82;446.09
79;2020;15829.39;361.58
79;2019;23676.18;451.30
79;2018;23479.10;537.93
79;2017;22983.43;360.54
79;2016;22503.53;474.41
79;2015;21987.99;435.31
79;2014;21218.16;509.24
79;2013;21028.32;657.65
79;2012;21642.09;407.19
79;2011;21212.88;345.67
79;2010;20496.29;523.98
79;2009;20608.77;479.06
79;2008;21181.78;658.01
80;2023;21039.28;678.49
80;2022;20100.34;652.75
80;2021;19574.04;472.24
80;2020;19204.27;468.84
80;2019;19281.67;630.11
80;2018;18977.18;604.38
80;2017;18381.64;662.05
80;2016;18310.49;718.26
80;2015;18133.04;755.97
80;2014;18307.02;733.01
80;2013;18240.01;1170.94
80;2012;18507.09;1354.10
80;2011;18244.59;1407.93
80;2010;17840.60;1382.25
80;2009;17927.43;1489.69
80;2008;18240.00;1347.54
81;2023;13876.87;131.67
81;2022;12788.03;144.89
81;2021;12693.08;161.95
81;2020;11825.30;115.51
81;2019;12016.55;144.56
81;2018;11918.05;142.19
81;2017;11737.21;170.21
81;2016;11433.31;166.83
81;2015;11472.88;140.03
81;2014;11595.03;191.31
81;2013;11327.87;244.29
81;2012;11808.63;344.10
81;2011;12275.92;367.67
81;2010;12257.39;427.33
81;2009;12737.87;422.82
81;2008;11482.10;286.90
82;2023;21682.01;208.30
82;2022;20846.61;197.24
82;2021;20943.59;208.37
82;2020;18761.63;201.10
82;2019;18327.90;206.46
82;2018;17553.01;173.00
82;2017;17283.50;264.76
82;2016;17856.59;299.64
82;2015;17580.31;274.10
82;2014;17753.99;243.61
82;2013;18246.05;422.72
82;2012;18630.93;487.92
82;2011;17857.69;488.11
82;2010;16727.53;480.70
82;2009;16300.84;478.36
82;2008;18405.82;508.63
84;2023;33313.26;125.56
84;2022;31926.09;138.10
84;2021;30344.17;102.69
84;2020;29580.11;71.78
84;2019;28075.59;116.30
84;2018;27640.12;100.29
84;2017;27380.22;99.75
84;2016;28052.09;88.44
84;2015;27620.25;66.57
84;2014;26924.44;73.73
84;2013;26710.89;115.66
84;2012;25888.81;90.48
84;2011;26777.88;97.39
84;2010;27133.04;116.40
84;2009;27164.89;135.74
84;2008;26418.75;85.01
85;2023;25776.26;45.02
85;2022;24868.04;49.61
85;2021;23382.59;53.85
85;2020;22781.15;60.47
85;2019;22376.27;63.61
85;2018;21457.63;69.82
85;2017;21908.22;92.29
85;2016;21649.20;123.66
85;2015;21819.44;98.46
85;2014;20929.12;91.30
85;2013;21197.21;121.79
85;2012;20884.54;139.20
85;2011;20765.04;182.47
85;2010;21060.20;168.03
85;2009;21166.87;172.08
85;2008;20372.12;174.52
86;2023;33340.14;89.17
86;2022;32365.10;110.12
86;2021;31595.57;101.45
86;2020;30636.63;108.48
86;2019;30839.97;91.87
86;2018;29951.62;103.62
86;2017;29981.05;106.28
86;2016;29953.59;99.68
86;2015;29497.64;84.15
86;2014;28905.77;86.41
86;2013;28795.66;96.58
86;2012;28835.33;105.17
86;2011;29909.87;123.63
86;2010;30221.23;113.99
86;2009;29983.37;117.41
86;2008;28619.95;112.28
87;2023;17197.32;68.61
87;2022;16479.57;84.78
87;2021;15959.38;85.89
87;2020;15723.66;91.18
87;2019;15514.92;105.84
87;2018;15180.65;96.45
87;2017;15263.13;143.34
87;2016;15492.09;157.92
87;2015;15434.62;133.82
87;2014;15312.08;169.95
87;2013;15505.42;176.56
87;2012;15566.38;185.14
87;2011;15907.44;204.90
87;2010;15438.61;247.74
87;2009;15195.10;244.22
87;2008;14982.40;186.79
88;2023;16366.81;101.21
88;2022;15118.19;75.30
88;2021;15117.91;133.79
88;2020;14068.53;146.44
88;2019;14282.82;112.03
88;2018;13656.56;84.20
88;2017;13764.53;128.93
88;2016;12972.14;117.41
88;2015;14675.02;92.96
88;2014;14682.32;88.11
88;2013;14439.92;142.22
88;2012;14871.88;193.63
88;2011;15230.32;185.02
88;2010;15198.03;174.69
88;2009;15136.52;225.27
88;2008;15150.36;106.73
90;2023;24823.42;129.39
90;2022;24331.38;112.66
90;2021;22782.24;170.05
90;2020;20418.88;96.04
90;2019;20738.65;178.76
90;2018;19993.33;261.97
90;2017;21850.74;218.24
90;2016;20777.31;169.01
90;2015;20967.47;227.32
90;2014;21178.75;166.97
90;2013;21137.03;257.97
90;2012;19618.38;539.25
90;2011;20385.86;459.27
90;2010;20997.10;197.84
90;2009;20195.64;451.63
90;2008;19429.01;295.94
91;2023;24234.87;195.53
91;2022;22236.92;120.72
91;2021;22443.35;81.40
91;2020;20311.90;174.97
91;2019;21792.93;119.55
91;2018;20344.56;152.31
91;2017;19981.07;185.52
91;2016;20500.72;102.98
91;2015;20162.53;104.18
91;2014;20202.53;145.12
91;2013;19779.90;182.82
91;2012;20075.84;199.58
91;2011;20459.22;203.87
91;2010;21654.35;207.14
91;2009;21942.82;312.61
91;2008;18397.73;510.66
92;2023;23698.81;266.89
92;2022;22405.60;294.74
92;2021;19494.75;200.76
92;2020;16265.89;250.36
92;2019;21963.37;391.75
92;2018;21410.32;317.92
92;2017;21513.93;321.90
92;2016;21887.58;272.22
92;2015;18960.08;626.13
92;2014;18992.08;726.73
92;2013;18196.17;845.76
92;2012;18386.32;833.55
92;2011;18265.41;840.33
92;2010;18036.97;933.46
92;2009;17846.82;1011.85
92;2008;16890.47;1179.66
93;2023;16644.47;146.31
93;2022;15468.57;172.73
93;2021;15114.36;131.04
93;2020;13702.32;150.45
93;2019;14840.78;165.97
93;2018;13580.70;186.17
93;2017;13514.33;204.24
93;2016;13258.65;205.44
93;2015;13478.17;198.27
93;2014;16002.93;200.57
93;2013;16028.27;293.56
93;2012;14577.47;246.33
93;2011;15052.75;283.93
93;2010;14503.71;355.51
93;2009;14995.41;396.91
93;2008;15694.86;277.74
94;2023;23080.59;40.44
94;2022;22234.79;81.34
94;2021;20213.63;122.26
94;2020;19585.87;115.42
94;2019;19110.50;114.71
94;2018;19011.19;96.32
94;2017;18720.58;64.67
94;2016;18961.98;175.78
94;2015;19775.47;194.86
94;2014;20428.70;224.34
94;2013;20326.91;157.23
94;2012;20684.33;225.62
94;2011;21304.07;157.84
94;2010;20523.82;155.92
94;2009;19001.81;196.73
94;2008;18252.40;264.37
95;2023;24485.22;87.67
95;2022;22155.67;110.12
95;2021;21507.83;161.45
95;2020;20196.68;195.06
95;2019;21694.68;129.87
95;2018;21118.84;153.61
95;2017;20709.97;152.38
95;2016;20562.75;204.75
95;2015;20376.55;379.69
95;2014;20167.26;212.74
95;2013;20226.21;200.77
95;2012;20337.51;354.98
95;2011;19854.08;357.65
95;2010;19284.66;332.55
95;2009;18494.13;403.75
95;2008;19326.84;472.88
96;2023;14930.24;166.55
96;2022;14724.79;161.41
96;2021;13145.75;127.37
96;2020;11721.12;162.19
96;2019;13160.06;164.99
96;2018;12552.80;117.33
96;2017;11882.36;144.58
96;2016;11706.80;219.01
96;2015;11835.13;199.27
96;2014;12686.86;214.22
96;2013;12880.62;288.06
96;2012;12455.70;224.94
96;2011;12078.22;256.76
96;2010;12019.36;333.58
96;2009;12113.99;208.34
96;2008;11667.09;200.05